url,timestamp
https://joyandco.com/product/abracadabra-coffee-cups-set-xUdyr3,2025-05-19T12:39:02.139869
https://joyandco.com/product/abracadabra-destino-dinner-plate-ZwL71a,2025-05-19T12:39:02.139887
https://joyandco.com/product/abracadabra-incanto-deep-plate-f6f3Fa,2025-05-19T12:39:02.139892
https://joyandco.com/product/abracadabra-round-serving-plate-okCZ5Q,2025-05-19T12:39:02.139896
https://joyandco.com/product/abracadabra-striped-dessert-plate-WWoXWn,2025-05-19T12:39:02.139899
https://joyandco.com/product/apple-squared-trinket-tray-eHcdjZ,2025-05-19T12:39:02.139902
https://joyandco.com/product/aquamarine-hobnail-jug-tall-KMO9Fr,2025-05-19T12:39:02.139905
https://joyandco.com/product/aquamarine-hobnail-tumblers-set-of-6-LbUM2N,2025-05-19T12:39:02.139908
https://joyandco.com/product/aurora-vase-QtwQO7,2025-05-19T12:39:02.139912
https://joyandco.com/product/azure-tower-vase-usiPgp,2025-05-19T12:39:02.139915
https://joyandco.com/product/birdy-bowl-BJBWFJ,2025-05-19T12:39:02.139918
https://joyandco.com/product/birdy-vase-1ivN0A,2025-05-19T12:39:02.139921
https://joyandco.com/product/bisou-photo-frame-I8aWvJ,2025-05-19T12:39:02.139923
https://joyandco.com/product/black-vase-l-bnkl7X,2025-05-19T12:39:02.139926
https://joyandco.com/product/black-vase-m-J1WakU,2025-05-19T12:39:02.139929
https://joyandco.com/product/bliss-cocktail-glass-set-of-2-wVoWvZ,2025-05-19T12:39:02.139932
https://joyandco.com/product/blue-chinoiserie-dinner-plate-classics-on-acid-PVgGP5,2025-05-19T12:39:02.139935
https://joyandco.com/product/blue-glass-vase-KAAcTq,2025-05-19T12:39:02.139939
https://joyandco.com/product/blue-scalloped-dinner-plate-S6VT1h,2025-05-19T12:39:02.139941
https://joyandco.com/product/blue-vase-4UH9rD,2025-05-19T12:39:02.139944
https://joyandco.com/product/blush-wave-vase-VgygWF,2025-05-19T12:39:02.139963
https://joyandco.com/product/boho-planter-o3q5RN,2025-05-19T12:39:02.139970
https://joyandco.com/product/bold-stripes-vase-IErdVl,2025-05-19T12:39:02.139976
https://joyandco.com/product/bowl-lisa-bone-gloss-BSKFl3,2025-05-19T12:39:02.139983
https://joyandco.com/product/bowl-lisa-bubblegum-gloss-TyMgca,2025-05-19T12:39:02.139989
https://joyandco.com/product/bowl-lisa-coral-gloss-QuUwOW,2025-05-19T12:39:02.139996
https://joyandco.com/product/bowl-lisa-sky-gloss-jEzrk6,2025-05-19T12:39:02.140002
https://joyandco.com/product/bronze-hobnail-jug-tall-MItwRN,2025-05-19T12:39:02.140008
https://joyandco.com/product/bronze-hobnail-tumblers-set-of-6-gLiGbn,2025-05-19T12:39:02.140014
https://joyandco.com/product/bronze-palm-trees-linen-napkins-set-of-4-9uqNPG,2025-05-19T12:39:02.140020
https://joyandco.com/product/bronze-palm-trees-linen-placemat-set-of-4-uPYQ5E,2025-05-19T12:39:02.140026
https://joyandco.com/product/bubble-bliss-small-blue-vase-TV97xt,2025-05-19T12:39:02.140032
https://joyandco.com/product/bubble-bliss-small-green-vase-fELe5t,2025-05-19T12:39:02.140038
https://joyandco.com/product/bubble-bliss-small-pink-vase-vc9h1y,2025-05-19T12:39:02.140044
https://joyandco.com/product/bubble-bliss-small-red-vase-0n5hEZ,2025-05-19T12:39:02.140050
https://joyandco.com/product/bubble-bliss-tall-blue-vase-unbqYB,2025-05-19T12:39:02.140056
https://joyandco.com/product/bubble-bliss-tall-green-vase-nJWUpD,2025-05-19T12:39:02.140061
https://joyandco.com/product/bubble-bliss-tall-pink-vase-kRaPzX,2025-05-19T12:39:02.140067
https://joyandco.com/product/bubble-bliss-tall-red-vase-BdGIlV,2025-05-19T12:39:02.140072
https://joyandco.com/product/bubble-pop-vase-aYXp7U,2025-05-19T12:39:02.140077
https://joyandco.com/product/butterfly-garden-vase-l-lqNFj1,2025-05-19T12:39:02.140083
https://joyandco.com/product/butterfly-garden-vase-m-R11BOa,2025-05-19T12:39:02.140088
https://joyandco.com/product/candelabra-eric-bone-matte-GgNYWF,2025-05-19T12:39:02.140093
https://joyandco.com/product/candle-dip-dye-yellow-tJ1CSM,2025-05-19T12:39:02.140098
https://joyandco.com/product/cello-suite-n27-cotton-harmony-3000ml-yYYbh0,2025-05-19T12:39:02.140104
https://joyandco.com/product/cello-suite-n27-cotton-harmony-700ml-iQ4sd1,2025-05-19T12:39:02.140110
https://joyandco.com/product/cello-suite-n29-montecarlo-night-3000ml-ecMhk9,2025-05-19T12:39:02.140116
https://joyandco.com/product/cello-suite-n29-montecarlo-night-3000ml-u5FFZ6,2025-05-19T12:39:02.140122
https://joyandco.com/product/cello-suite-n29-montecarlo-night-700ml-LJv3uf,2025-05-19T12:39:02.140128
https://joyandco.com/product/cello-suite-n7-woods-harmony-3000ml-ACrk7O,2025-05-19T12:39:02.140134
https://joyandco.com/product/cello-suite-n7-woods-harmony-700ml-Sj5LDL,2025-05-19T12:39:02.140140
https://joyandco.com/product/checkmate-vase-o3SZCR,2025-05-19T12:39:02.140145
https://joyandco.com/product/cherry-blossom-lidded-jar-EwKIkl,2025-05-19T12:39:02.140151
https://joyandco.com/product/cherry-blossom-lidded-vase-lKXu7G,2025-05-19T12:39:02.140156
https://joyandco.com/product/chinoiserie-birds-linen-placemat-set-of-4-BVCL8N,2025-05-19T12:39:02.140162
https://joyandco.com/product/chinoiserie-birds-linen-runner-Jp2Omz,2025-05-19T12:39:02.140168
https://joyandco.com/product/chrome-kiss-planter-nTDrA9,2025-05-19T12:39:02.140174
https://joyandco.com/product/ciao-bella-photo-frame-qBTc0B,2025-05-19T12:39:02.140180
https://joyandco.com/product/classic-cake-stand-W6jV8f,2025-05-19T12:39:02.140185
https://joyandco.com/product/classic-lidded-jar-iFyZoK,2025-05-19T12:39:02.140191
https://joyandco.com/product/classic-love-cappucino-mug-8stYME,2025-05-19T12:39:02.140196
https://joyandco.com/product/classic-love-dessert-plate-vHavwn,2025-05-19T12:39:02.140201
https://joyandco.com/product/classic-yellow-porcelain-vase-l-Tex3ve,2025-05-19T12:39:02.140207
https://joyandco.com/product/classic-yellow-porcelain-vase-m-oMwtLG,2025-05-19T12:39:02.140212
https://joyandco.com/product/comic-art-mouse-FICTbs,2025-05-19T12:39:02.140218
https://joyandco.com/product/comic-art-teddy-olpPI9,2025-05-19T12:39:02.140224
https://joyandco.com/product/con-amore-plate-5ky8Z4,2025-05-19T12:39:02.140230
https://joyandco.com/product/cozy-cappuccino-mug-set-ik8yLK,2025-05-19T12:39:02.140235
https://joyandco.com/product/crazy-quarter-dark-green-line-fuZS9K,2025-05-19T12:39:02.140241
https://joyandco.com/product/crazy-quarter-plate-dark-green-blob-Up8RMG,2025-05-19T12:39:02.140247
https://joyandco.com/product/crystal-cake-stand-l-1aXHg5,2025-05-19T12:39:02.140253
https://joyandco.com/product/crystal-cake-stand-m-znlBxJ,2025-05-19T12:39:02.140258
https://joyandco.com/product/crystal-cake-stand-s-w5p3bW,2025-05-19T12:39:02.140264
https://joyandco.com/product/crystal-hobnail-jug-with-gold-handle-U5RN5L,2025-05-19T12:39:02.140270
https://joyandco.com/product/crystal-hobnail-tumblers-set-of-6-zEUa32,2025-05-19T12:39:02.140275
https://joyandco.com/product/crystal-tray-FV9aIm,2025-05-19T12:39:02.140281
https://joyandco.com/product/david-bust-black-side-table-lU4Fj5,2025-05-19T12:39:02.140287
https://joyandco.com/product/david-bust-white-side-table-VtGaFa,2025-05-19T12:39:02.140293
https://joyandco.com/product/deer-dessert-plate-classics-on-acid-vJvbu7,2025-05-19T12:39:02.140298
https://joyandco.com/product/delf-rose-dessert-plate-classics-on-acide-1rmfAV,2025-05-19T12:39:02.140304
https://joyandco.com/product/delft-tulip-vase-FMhv5X,2025-05-19T12:39:02.140310
https://joyandco.com/product/dip-dye-blue-taper-candle-pack-of-4-G107PE,2025-05-19T12:39:02.140315
https://joyandco.com/product/dip-dye-coral-taper-candle-j9N4V8,2025-05-19T12:39:02.140321
https://joyandco.com/product/dip-dye-orange-taper-candle-pack-of-4-yMIpt2,2025-05-19T12:39:02.140327
https://joyandco.com/product/disks-planter-GFwX5i,2025-05-19T12:39:02.140334
https://joyandco.com/product/disks-vase-lLL4HA,2025-05-19T12:39:02.140340
https://joyandco.com/product/edion-oud-3000ml-Fa1UyW,2025-05-19T12:39:02.140345
https://joyandco.com/product/edion-oud-pqTyyh,2025-05-19T12:39:02.140350
https://joyandco.com/product/emma-candle-holder-5q00Ow,2025-05-19T12:39:02.140357
https://joyandco.com/product/english-delft-dinner-plate-classics-on-acid-f5m2Cz,2025-05-19T12:39:02.140363
https://joyandco.com/product/evergreen-vase-waLCAv,2025-05-19T12:39:02.140369
https://joyandco.com/product/fancy-candle-holder-OnKt5h,2025-05-19T12:39:02.140416
https://joyandco.com/product/fancy-pink-candle-holder-wSTBIb,2025-05-19T12:39:02.140424
https://joyandco.com/product/fancy-purple-candle-holder-Xumq0D,2025-05-19T12:39:02.140431
https://joyandco.com/product/fancy-purple-candle-holder-ntWr5K,2025-05-19T12:39:02.140437
https://joyandco.com/product/fancy-tea-cup-set-with-saucer-gW5enB,2025-05-19T12:39:02.140443
https://joyandco.com/product/fancy-yellow-candle-holder-06TVHr,2025-05-19T12:39:02.140449
https://joyandco.com/product/finya-vase-medium-xUMUdo,2025-05-19T12:39:02.140455
https://joyandco.com/product/finya-vase-small-u9P1wN,2025-05-19T12:39:02.140461
https://joyandco.com/product/fiorentino-dessert-plate-classics-on-acid-LwzVgz,2025-05-19T12:39:02.140466
https://joyandco.com/product/firelight-duo-vase-b58wuT,2025-05-19T12:39:02.140473
https://joyandco.com/product/fish-fete-plate-set-wiq5aC,2025-05-19T12:39:02.140479
https://joyandco.com/product/flower-bird-soup-plate-classics-on-acid-6Q6xUy,2025-05-19T12:39:02.140484
https://joyandco.com/product/flower-girl-candleholde-pink-Hv3IdF,2025-05-19T12:39:02.140490
https://joyandco.com/product/flower-girl-candleholder-lilac-l77Ql5,2025-05-19T12:39:02.140497
https://joyandco.com/product/flower-girl-candleholder-ochre-dtKhkX,2025-05-19T12:39:02.140503
https://joyandco.com/product/flower-girl-candleholder-yellow-CA8gpn,2025-05-19T12:39:02.140509
https://joyandco.com/product/flower-girl-set-of-4-ADbOHH,2025-05-19T12:39:02.140515
https://joyandco.com/product/flute-water-glass-classics-on-acid-ENZuHe,2025-05-19T12:39:02.140521
https://joyandco.com/product/forever-always-plate-4gLiFv,2025-05-19T12:39:02.140527
https://joyandco.com/product/fresh-orange-can-vase-4R6YOh,2025-05-19T12:39:02.140533
https://joyandco.com/product/fruit-feast-plate-PGRiVb,2025-05-19T12:39:02.140539
https://joyandco.com/product/glitchy-willow-dessert-plate-classics-on-acid-BaIQCz,2025-05-19T12:39:02.140544
https://joyandco.com/product/glow-jar-CIqmuy,2025-05-19T12:39:02.140550
https://joyandco.com/product/good-morning-bowl-fWw1mw,2025-05-19T12:39:02.140556
https://joyandco.com/product/good-morning-breakfast-plate-apSbJE,2025-05-19T12:39:02.140561
https://joyandco.com/product/good-morning-mug-Qe5Bej,2025-05-19T12:39:02.140567
https://joyandco.com/product/gorilla-gentleman-Hnh5S9,2025-05-19T12:39:02.140573
https://joyandco.com/product/hollandia-flowers-dinner-plate-classics-on-acid-IKSvjk,2025-05-19T12:39:02.140579
https://joyandco.com/product/hybrid-tea-cup-isidora-HPVap0,2025-05-19T12:39:02.140586
https://joyandco.com/product/hybrid-tea-cup-zora-with-saucer-xxizYV,2025-05-19T12:39:02.140592
https://joyandco.com/product/hybrid-teapot-smeraldina-jP5GhE,2025-05-19T12:39:02.140598
https://joyandco.com/product/i-love-you-mug-JY2Lvh,2025-05-19T12:39:02.140604
https://joyandco.com/product/i-love-you-plate-sUITA2,2025-05-19T12:39:02.140610
https://joyandco.com/product/jacks-cig-ashtray-large-1w8qhm,2025-05-19T12:39:02.140616
https://joyandco.com/product/jacks-cig-ashtray-nPYWV9,2025-05-19T12:39:02.140622
https://joyandco.com/product/jardin-lidded-vase-F3AkBV,2025-05-19T12:39:02.140628
https://joyandco.com/product/je-taime-photo-frame-f1XBp0,2025-05-19T12:39:02.140634
https://joyandco.com/product/jug-emily-bone-gloss-YqW4Rm,2025-05-19T12:39:02.140640
https://joyandco.com/product/jug-emily-moss-gloss-x8TBZR,2025-05-19T12:39:02.140645
https://joyandco.com/product/jug-emily-sky-matte-sjVqjD,2025-05-19T12:39:02.140651
https://joyandco.com/product/jug-emily-yolk-matte-gIGtmY,2025-05-19T12:39:02.140656
https://joyandco.com/product/la-tavola-scomposta-cake-stand-ohcRdD,2025-05-19T12:39:02.140662
https://joyandco.com/product/large-chilli-vase-jgfHcr,2025-05-19T12:39:02.140668
https://joyandco.com/product/large-venice-candle-holder-9ERK1X,2025-05-19T12:39:02.140674
https://joyandco.com/product/leela-large-vase-Yz1pBc,2025-05-19T12:39:02.140679
https://joyandco.com/product/leela-medium-vase-0Rw06l,2025-05-19T12:39:02.140685
https://joyandco.com/product/lemon-vase-jWcote,2025-05-19T12:39:02.140691
https://joyandco.com/product/lemonade-can-vase-set-of-3-t1vV4A,2025-05-19T12:39:02.140696
https://joyandco.com/product/leopard-candle-holder-set-of-2-W54Wir,2025-05-19T12:39:02.140702
https://joyandco.com/product/lobster-plate-large-vZKc7Q,2025-05-19T12:39:02.140708
https://joyandco.com/product/love-in-bloom-gold-vase-RNElJR,2025-05-19T12:39:02.140714
https://joyandco.com/product/love-peace-b9mH5L,2025-05-19T12:39:02.140721
https://joyandco.com/product/lumiere-jar-l-xJu2Ea,2025-05-19T12:39:02.140726
https://joyandco.com/product/lumiere-jar-m-rRxnFq,2025-05-19T12:39:02.140732
https://joyandco.com/product/maastricht-ship-dinner-plate-classics-on-acid-WJeUWg,2025-05-19T12:39:02.140739
https://joyandco.com/product/mandarino-vase-RRwhKz,2025-05-19T12:39:02.140745
https://joyandco.com/product/mandarino-vase-oSs5Fd,2025-05-19T12:39:02.140750
https://joyandco.com/product/matcha-set-giftbox-pink-fRIAo5,2025-05-19T12:39:02.140756
https://joyandco.com/product/matcha-set-giftbox-yellow-igGm0V,2025-05-19T12:39:02.140762
https://joyandco.com/product/medium-venice-candle-holder-nal7NS,2025-05-19T12:39:02.140767
https://joyandco.com/product/misty-lemon-can-vase-UIb0lj,2025-05-19T12:39:02.140773
https://joyandco.com/product/modern-lisa-yk0QO3,2025-05-19T12:39:02.140778
https://joyandco.com/product/mug-i-know-qcJ8sD,2025-05-19T12:39:02.140784
https://joyandco.com/product/nala-candle-holder-UsgmDg,2025-05-19T12:39:02.140789
https://joyandco.com/product/neon-citrine-hobnail-jug-PmY5xi,2025-05-19T12:39:02.140795
https://joyandco.com/product/neon-citrine-hobnail-tumblers-set-of-6-3uVHor,2025-05-19T12:39:02.140800
https://joyandco.com/product/nora-candle-holder-vqp6ua,2025-05-19T12:39:02.140807
https://joyandco.com/product/nora-green-candle-holder-hLo94e,2025-05-19T12:39:02.140813
https://joyandco.com/product/nora-purple-candle-holder-kwNBcR,2025-05-19T12:39:02.140819
https://joyandco.com/product/nye-glass-classics-on-acid-UfwDNd,2025-05-19T12:39:02.140825
https://joyandco.com/product/paint-the-world-with-love-V6VbrO,2025-05-19T12:39:02.140832
https://joyandco.com/product/palm-tree-linen-napkins-set-of-4-H8N5uf,2025-05-19T12:39:02.140838
https://joyandco.com/product/palm-tree-linen-napkins-set-of-4-Q7LhiL,2025-05-19T12:39:02.140844
https://joyandco.com/product/papillion-lidded-jar-hEOqcQ,2025-05-19T12:39:02.140850
https://joyandco.com/product/papillion-lidded-vase-oSf7xQ,2025-05-19T12:39:02.140856
https://joyandco.com/product/paradise-cocktail-glass-set-of-2-EMpePq,2025-05-19T12:39:02.140862
https://joyandco.com/product/parrot-candelabra-Kiv1zP,2025-05-19T12:39:02.140869
https://joyandco.com/product/parrot-candle-holder-2AqvCv,2025-05-19T12:39:02.140875
https://joyandco.com/product/pegasus-breakfast-plate-rOnjMj,2025-05-19T12:39:02.140880
https://joyandco.com/product/pegasus-striped-cake-platter-gGfYcN,2025-05-19T12:39:02.140887
https://joyandco.com/product/petra-candle-holder-5RJlNo,2025-05-19T12:39:02.140893
https://joyandco.com/product/petra-pink-candle-holder-gmftTY,2025-05-19T12:39:02.140899
https://joyandco.com/product/petra-purple-candle-holder-4rsvSz,2025-05-19T12:39:02.140905
https://joyandco.com/product/philine-candle-holder-hGtibu,2025-05-19T12:39:02.140911
https://joyandco.com/product/pine-scalloped-dinner-plate-EmNJaO,2025-05-19T12:39:02.140917
https://joyandco.com/product/pink-kiss-planter-wNl1qY,2025-05-19T12:39:02.140924
https://joyandco.com/product/pink-scalloped-dinner-plate-fMD6g5,2025-05-19T12:39:02.140930
https://joyandco.com/product/powder-striped-cappuccino-mug-S4e6w4,2025-05-19T12:39:02.140937
https://joyandco.com/product/powder-striped-jug-suAk5v,2025-05-19T12:39:02.140943
https://joyandco.com/product/powder-striped-yogurt-bowl-FSlq6Q,2025-05-19T12:39:02.140969
https://joyandco.com/product/psycho-salad-bowl-classics-on-acid-I0fOr5,2025-05-19T12:39:02.140976
https://joyandco.com/product/ramadan-nights-linen-napkins-set-of-4-dTIbPj,2025-05-19T12:39:02.140983
https://joyandco.com/product/relaxing-leo-jL7fXt,2025-05-19T12:39:02.140989
https://joyandco.com/product/retro-cushion-orange-pKlI82,2025-05-19T12:39:02.141023
https://joyandco.com/product/retro-cushion-pink-0s6NHY,2025-05-19T12:39:02.141031
https://joyandco.com/product/retro-cushion-yellow-YRVYAZ,2025-05-19T12:39:02.141037
https://joyandco.com/product/rock-style-wqoBAi,2025-05-19T12:39:02.141044
https://joyandco.com/product/romy-candle-holder-bFYHHJ,2025-05-19T12:39:02.141050
https://joyandco.com/product/roots-black-candle-holder-5uYzA6,2025-05-19T12:39:02.141056
https://joyandco.com/product/roots-silver-candle-holder-9tOJ5v,2025-05-19T12:39:02.141062
https://joyandco.com/product/saluti-photo-frame-S3nQjl,2025-05-19T12:39:02.141069
https://joyandco.com/product/samatha-candle-holder-ogP5cL,2025-05-19T12:39:02.141075
https://joyandco.com/product/sandy-candle-holder-HJHOe0,2025-05-19T12:39:02.141082
https://joyandco.com/product/shut-up-mug-91SeML,2025-05-19T12:39:02.141088
https://joyandco.com/product/skyline-vase-9yZABA,2025-05-19T12:39:02.141095
https://joyandco.com/product/small-chilli-vase-bPvwoR,2025-05-19T12:39:02.141100
https://joyandco.com/product/small-cups-mixed-shapes-set-of-six-ITei5v,2025-05-19T12:39:02.141106
https://joyandco.com/product/soup-plate-pagoda-classics-on-acid-x829dw,2025-05-19T12:39:02.141113
https://joyandco.com/product/squared-trinket-tray-jYRIfq,2025-05-19T12:39:02.141120
https://joyandco.com/product/stella-deep-plate-60wtiW,2025-05-19T12:39:02.141126
https://joyandco.com/product/stella-dessert-plate-n4IsPH,2025-05-19T12:39:02.141132
https://joyandco.com/product/stella-dinner-plate-1l2i66,2025-05-19T12:39:02.141137
https://joyandco.com/product/stella-round-plate-UP0upm,2025-05-19T12:39:02.141143
https://joyandco.com/product/strawberry-vase-E6CYHt,2025-05-19T12:39:02.141149
https://joyandco.com/product/striped-lidded-vase-vV1XPo,2025-05-19T12:39:02.141155
https://joyandco.com/product/sugar-bowl-KoIAB8,2025-05-19T12:39:02.141161
https://joyandco.com/product/sugarline-vase-9rFoY2,2025-05-19T12:39:02.141167
https://joyandco.com/product/sugarvault-jar-l-bykFhe,2025-05-19T12:39:02.141173
https://joyandco.com/product/sugarvault-jar-m-q7f2Tq,2025-05-19T12:39:02.141179
https://joyandco.com/product/sugarvault-jar-s-NejKK6,2025-05-19T12:39:02.141185
https://joyandco.com/product/sunbeam-vase-iSeYkN,2025-05-19T12:39:02.141191
https://joyandco.com/product/sunny-wave-vase-j1TarN,2025-05-19T12:39:02.141196
https://joyandco.com/product/sunshine-glass-vase-Gqvfu5,2025-05-19T12:39:02.141202
https://joyandco.com/product/sweetkeeper-light-yellow-jar-MfSjub,2025-05-19T12:39:02.141209
https://joyandco.com/product/talavera-soup-plate-classics-on-acid-f5iyo7,2025-05-19T12:39:02.141215
https://joyandco.com/product/tangerine-twist-vase-m7G1iP,2025-05-19T12:39:02.141222
https://joyandco.com/product/tea-cups-wplate-set-of-two-fKGiZh,2025-05-19T12:39:02.141229
https://joyandco.com/product/teapot-UXKZyi,2025-05-19T12:39:02.141235
https://joyandco.com/product/the-joy-frame-set-GTfjJy,2025-05-19T12:39:02.141241
https://joyandco.com/product/tissue-box-orange-pWgfkV,2025-05-19T12:39:02.141247
https://joyandco.com/product/tissue-box-yellow-wzvC7o,2025-05-19T12:39:02.141253
https://joyandco.com/product/tropical-vase-JoQGyk,2025-05-19T12:39:02.141259
https://joyandco.com/product/twist-flicker-candleholder-pink-JT2eWd,2025-05-19T12:39:02.141265
https://joyandco.com/product/twist-flicker-candleholder-white-sAsYLc,2025-05-19T12:39:02.141272
https://joyandco.com/product/twist-glow-candleholder-green-bbkcUk,2025-05-19T12:39:02.141279
https://joyandco.com/product/twist-glow-candleholder-orange-3nhp4A,2025-05-19T12:39:02.141285
https://joyandco.com/product/vase-oscar-bone-gloss-aA1JJf,2025-05-19T12:39:02.141291
https://joyandco.com/product/vase-oscar-bubblegum-gloss-NiYPpf,2025-05-19T12:39:02.141297
https://joyandco.com/product/vase-oscar-sky-matte-0TnEkm,2025-05-19T12:39:02.141304
https://joyandco.com/product/vivid-vase-Gqxs54,2025-05-19T12:39:02.141310
https://joyandco.com/product/whimsy-jar-PPY9tL,2025-05-19T12:39:02.141317
https://joyandco.com/product/wild-strawberry-can-vase-y0Fgm1,2025-05-19T12:39:02.141323
https://joyandco.com/product/wine-chiller-vYnM0O,2025-05-19T12:39:02.141330
https://joyandco.com/product/wire-to-the-moon-Xk0Z0H,2025-05-19T12:39:02.141336
https://joyandco.com/product/yellow-scalloped-breakfast-plate-A7zpla,2025-05-19T12:39:02.141342
https://joyandco.com/product/ylvie-candle-holder-aLS7Cd,2025-05-19T12:39:02.141349
https://joyandco.com/product/zigzag-groove-vase-1IcRW8,2025-05-19T12:39:02.141356
